Date,Open,High,Low,Close,Adj Close
6/22/2018,2757.360107,2779.350098,2756.040039,2773.52002,2773.52002
6/25/2018,2765.330078,2765.330078,2719.449951,2720.030029,2720.030029
6/26/2018,2729.639893,2771.570068,2727.939941,2762.870117,2762.870117
6/27/2018,2770.399902,2780.590088,2749.469971,2751.370117,2751.370117
6/28/2018,2739.820068,2748.949951,2717.820068,2724.780029,2724.780029
6/29/2018,2736.27002,2750.23999,2735.26001,2748.47998,2748.47998
7/2/2018,2734.889893,2737.419922,2708.780029,2721.060059,2721.060059
7/3/2018,2744.47998,2760.030029,2732.110107,2743.679932,2743.679932
7/5/2018,2764.290039,2764.290039,2744.659912,2749.26001,2749.26001
7/6/2018,2745.75,2777.649902,2739.709961,2776.889893,2776.889893
7/9/2018,2783.820068,2790.379883,2769.77002,2771.699951,2771.699951
7/10/2018,2778.47998,2786.47998,2755.840088,2761.580078,2761.580078
7/11/2018,2765.840088,2767.939941,2720.669922,2728.790039,2728.790039
7/12/2018,2747,2747.600098,2722.179932,2738.280029,2738.280029
7/13/2018,2743.689941,2748.600098,2731.26001,2731.790039,2731.790039
7/16/2018,2722.969971,2726.669922,2705.22998,2713.149902,2713.149902
7/17/2018,2706.889893,2726.820068,2699.699951,2708.929932,2708.929932
7/18/2018,2707.350098,2721.77002,2694.73999,2718.530029,2718.530029
7/19/2018,2686.429932,2722.709961,2686.429932,2711.800049,2711.800049
7/20/2018,2719.709961,2727.949951,2703.919922,2708.610107,2708.610107
7/23/2018,2708.780029,2713.860107,2687.429932,2694.580078,2694.580078
7/24/2018,2693.580078,2713.659912,2691.850098,2697.419922,2697.419922
7/25/2018,2696.939941,2740.610107,2696.939941,2739.030029,2739.030029
7/26/2018,2744.790039,2768.98999,2729.73999,2766.860107,2766.860107
7/27/2018,2757.570068,2761,2726.110107,2729.199951,2729.199951
7/30/2018,2731.189941,2754.76001,2730.27002,2741.310059,2741.310059
7/31/2018,2742.98999,2758.870117,2739.379883,2749.129883,2749.129883
8/1/2018,2749.129883,2749.129883,2718.459961,2723.649902,2723.649902
8/2/2018,2715.530029,2723.76001,2696.590088,2717.810059,2717.810059
8/3/2018,2723.159912,2723.199951,2676.76001,2706.02002,2706.02002
8/6/2018,2703.919922,2727.590088,2703.540039,2708.780029,2708.780029
8/7/2018,2722.26001,2722.26001,2681.199951,2681.209961,2681.209961
8/8/2018,2678.439941,2678.439941,2659.139893,2663.060059,2663.060059
8/9/2018,2662.949951,2693.129883,2659.719971,2683.129883,2683.129883
8/10/2018,2672.72998,2673.73999,2659.370117,2667.419922,2667.419922
8/13/2018,2660.919922,2681.879883,2647.360107,2660.590088,2660.590088
8/14/2018,2670.26001,2687.149902,2667.939941,2673.330078,2673.330078
8/15/2018,2659.100098,2659.100098,2597.52002,2597.52002,2597.52002
8/16/2018,2605.639893,2618.679932,2597.949951,2599.25,2599.25
8/17/2018,2599.25,2611.22998,2593.780029,2606.719971,2606.719971
8/20/2018,2610.830078,2622.600098,2608.560059,2617.149902,2617.149902
8/21/2018,2621.27002,2642.899902,2621.27002,2628.320068,2628.320068
8/22/2018,2640.949951,2667.76001,2636.929932,2660.719971,2660.719971
8/23/2018,2650.429932,2658.139893,2635.969971,2639.439941,2639.439941
8/24/2018,2651.699951,2691.409912,2651.699951,2684.610107,2684.610107
8/27/2018,2689.310059,2712.01001,2689.310059,2700.429932,2700.429932
8/28/2018,2712.76001,2723.189941,2677.659912,2677.659912,2677.659912
8/29/2018,2690,2715.449951,2682.389893,2707.429932,2707.429932
8/30/2018,2701.639893,2710.209961,2679.719971,2688.340088,2688.340088
8/31/2018,2676.149902,2678.790039,2661.310059,2675.070068,2675.070068
9/4/2018,2666.399902,2673.73999,2652.02002,2654.310059,2654.310059
9/5/2018,2656.649902,2656.649902,2614.870117,2649.689941,2649.689941
9/6/2018,2649.860107,2655.379883,2619.540039,2625.719971,2625.719971
9/7/2018,2625.719971,2625.719971,2594.540039,2614.889893,2614.889893
9/10/2018,2615.850098,2627.060059,2585.459961,2587.129883,2587.129883
9/11/2018,2583.340088,2589.120117,2569.840088,2581.469971,2581.469971
9/12/2018,2581.469971,2614.909912,2581.469971,2608.300049,2608.300049
9/13/2018,2608.280029,2624.159912,2607.159912,2612.129883,2612.129883
9/14/2018,2611.860107,2628.030029,2605.399902,2612.840088,2612.840088
9/17/2018,2626.27002,2637.340088,2608.709961,2608.719971,2608.719971
9/18/2018,2617.360107,2644.649902,2617.360107,2643.909912,2643.909912
9/19/2018,2651.75,2663.820068,2646.449951,2654.139893,2654.139893
9/20/2018,2670.01001,2676.409912,2649.899902,2675.449951,2675.449951
9/21/2018,2683.639893,2691.47998,2672.469971,2687.75,2687.75
9/24/2018,2697.070068,2722.889893,2697.070068,2717.98999,2717.98999
9/25/2018,2720.27002,2738.439941,2713.429932,2714.02002,2714.02002
9/26/2018,2724.389893,2733.76001,2704.719971,2704.75,2704.75
9/27/2018,2719.120117,2727.530029,2699.199951,2722,2722
9/28/2018,2711.370117,2735.620117,2710.52002,2720.26001,2720.26001
10/1/2018,2734.120117,2759.699951,2734.120117,2753.679932,2753.679932
10/2/2018,2756.110107,2756.110107,2734.169922,2737.409912,2737.409912
10/3/2018,2740.949951,2765.550049,2735.649902,2759.790039,2759.790039
10/4/2018,2749.100098,2754.620117,2704.360107,2725.560059,2725.560059
10/5/2018,2713.899902,2727.080078,2690.120117,2709.98999,2709.98999
10/8/2018,2700.100098,2726.26001,2688.26001,2721.570068,2721.570068
10/9/2018,2727.030029,2729.209961,2704.969971,2716.550049,2716.550049
10/10/2018,2715.860107,2719.27002,2647.790039,2647.919922,2647.919922
10/11/2018,2626.459961,2673.929932,2619.280029,2631.370117,2631.370117
10/12/2018,2631.370117,2667.02002,2623.340088,2643.330078,2643.330078
10/15/2018,2654.169922,2678.699951,2638.350098,2670.530029,2670.530029
10/16/2018,2670.530029,2707.100098,2670.530029,2693.300049,2693.300049
10/17/2018,2675.75,2681.52002,2651.080078,2673.310059,2673.310059
10/18/2018,2654.820068,2673.22998,2639.179932,2648,2648
10/19/2018,2679.820068,2679.820068,2646.040039,2652.439941,2652.439941
10/22/2018,2651.899902,2658.969971,2631.860107,2638.189941,2638.189941
10/23/2018,2638.189941,2638.189941,2565.580078,2585.01001,2585.01001
10/24/2018,2593.98999,2600.469971,2511.219971,2512.23999,2512.23999
10/25/2018,2524.189941,2560.659912,2523.389893,2545.97998,2545.97998
10/26/2018,2511.310059,2542.669922,2492.139893,2522.25,2522.25
10/29/2018,2535.77002,2542.449951,2470.72998,2478.27002,2478.27002
10/30/2018,2465.77002,2511.540039,2465.77002,2511.540039,2511.540039
10/31/2018,2527.780029,2549.310059,2518.310059,2520.469971,2520.469971
11/1/2018,2531.459961,2560.379883,2526.590088,2555.689941,2555.689941
11/2/2018,2599.070068,2613.389893,2532.300049,2546.909912,2546.909912
11/5/2018,2556.830078,2571.76001,2546.909912,2556.030029,2556.030029
11/6/2018,2559.899902,2561.629883,2540.219971,2550.280029,2550.280029
11/7/2018,2583.090088,2592.639893,2565.149902,2572.699951,2572.699951
11/8/2018,2597.280029,2612.669922,2581.889893,2584.340088,2584.340088
11/9/2018,2554.820068,2568.649902,2533.02002,2542.800049,2542.800049
11/12/2018,2567.189941,2567.429932,2526.889893,2526.98999,2526.98999
11/13/2018,2528.209961,2532.98999,2483.26001,2486.75,2486.75
11/14/2018,2513.909912,2516.409912,2478.77002,2497.76001,2497.76001
11/15/2018,2494.47998,2531.689941,2484.199951,2531.689941,2531.689941
11/16/2018,2536.889893,2554.820068,2529.659912,2549.030029,2549.030029
11/19/2018,2525.100098,2545.52002,2503.810059,2508.72998,2508.72998
11/20/2018,2479.25,2479.25,2426.76001,2435.870117,2435.870117
11/21/2018,2449.030029,2489.22998,2443.080078,2474.679932,2474.679932
11/23/2018,2474.689941,2474.689941,2431.530029,2452.639893,2452.639893
11/26/2018,2468.429932,2487.540039,2468.429932,2478.320068,2478.320068
11/27/2018,2472.399902,2484.51001,2454.51001,2467.590088,2467.590088
11/28/2018,2474.800049,2517.570068,2469.47998,2513.139893,2513.139893
11/29/2018,2508.840088,2535.439941,2505.139893,2508.830078,2508.830078
11/30/2018,2495.800049,2502.310059,2475.810059,2485.139893,2485.139893
12/3/2018,2508.01001,2529.419922,2482.189941,2495.73999,2495.73999
12/4/2018,2487.159912,2505.939941,2449.929932,2449.969971,2449.969971
12/6/2018,2423.300049,2426.469971,2391.899902,2424.870117,2424.870117
12/7/2018,2450.110107,2467.310059,2418.52002,2426.51001,2426.51001
12/10/2018,2405.290039,2414.379883,2366.209961,2395.560059,2395.560059
12/11/2018,2422.060059,2426.77002,2375.76001,2383.699951,2383.699951
12/12/2018,2405.469971,2442.919922,2403.820068,2407.879883,2407.879883
12/13/2018,2403.51001,2416.639893,2379.169922,2387.090088,2387.090088
12/14/2018,2371.899902,2384.51001,2343.100098,2344.23999,2344.23999
12/17/2018,2342.780029,2362.149902,2310.629883,2318.709961,2318.709961
12/18/2018,2318.699951,2340.01001,2302.51001,2304.629883,2304.629883
12/19/2018,2305.570068,2349.830078,2298.639893,2299.629883,2299.629883
12/20/2018,2294.840088,2317.889893,2267.189941,2279.379883,2279.379883
12/21/2018,2270.409912,2286.030029,2242.820068,2244.919922,2244.919922
12/24/2018,2240.25,2245.610107,2200.330078,2200.340088,2200.340088
12/26/2018,2212.870117,2284.600098,2192.25,2281.860107,2281.860107
12/27/2018,2248.639893,2275.110107,2222.659912,2274.219971,2274.219971
12/28/2018,2276.300049,2296.889893,2256.790039,2281.340088,2281.340088
12/31/2018,2301.149902,2306.800049,2278.679932,2292.26001,2292.26001
1/2/2019,2264.419922,2329.860107,2261.98999,2321.76001,2321.76001
1/3/2019,2321.600098,2337.570068,2289.189941,2321.550049,2321.550049
1/4/2019,2362.820068,2379.070068,2346.600098,2377.780029,2377.780029
1/7/2019,2373.219971,2406.689941,2368.219971,2399.370117,2399.370117
1/8/2019,2412.070068,2438.909912,2407.469971,2433.419922,2433.419922
1/9/2019,2449.709961,2467.070068,2444.709961,2449.310059,2449.310059
1/10/2019,2435.110107,2456.02002,2426.879883,2455.77002,2455.77002
1/11/2019,2443.570068,2446.669922,2427.469971,2436.429932,2436.429932
1/14/2019,2422.699951,2449.639893,2419.23999,2440.610107,2440.610107
1/15/2019,2444.169922,2467.850098,2439.25,2465.310059,2465.310059
1/16/2019,2460.77002,2475.719971,2457.139893,2459.449951,2459.449951
1/17/2019,2453.639893,2488.129883,2446.129883,2472.389893,2472.389893
1/18/2019,2487.23999,2492.679932,2473.919922,2479.22998,2479.22998
1/22/2019,2453.659912,2463.379883,2426.080078,2431.72998,2431.72998
1/23/2019,2442.22998,2442.399902,2409.77002,2437.639893,2437.639893
1/24/2019,2438.110107,2460.419922,2432.530029,2452.27002,2452.27002
1/25/2019,2463.02002,2491.879883,2459.600098,2471.919922,2471.919922
1/28/2019,2447.530029,2489.790039,2446.22998,2489.790039,2489.790039
1/29/2019,2499.77002,2513.340088,2486.189941,2486.189941,2486.189941
1/30/2019,2502.72998,2541.459961,2493.149902,2524.25,2524.25
1/31/2019,2528.570068,2542.360107,2519.929932,2533.889893,2533.889893
2/1/2019,2541.959961,2544.340088,2496.310059,2515.449951,2515.449951
2/4/2019,2508.360107,2536.929932,2502.600098,2536.919922,2536.919922
2/5/2019,2538.129883,2541.590088,2515.98999,2524.76001,2524.76001
2/6/2019,2516,2518.429932,2501.719971,2501.889893,2501.889893
2/7/2019,2492.879883,2493.590088,2466.070068,2489.189941,2489.189941
2/8/2019,2476.449951,2486.72998,2460.659912,2473.590088,2473.590088
2/11/2019,2468.389893,2479.25,2459.530029,2475.409912,2475.409912
2/12/2019,2493.679932,2501.26001,2485.73999,2490.139893,2490.139893
2/13/2019,2490.139893,2515.899902,2490.139893,2492.379883,2492.379883
2/14/2019,2473.840088,2492.330078,2473.320068,2485.719971,2485.719971
2/15/2019,2498.72998,2515.51001,2496.310059,2511.76001,2511.76001
2/19/2019,2510.350098,2546.300049,2507.790039,2540.409912,2540.409912
2/20/2019,2537.939941,2544.620117,2526.810059,2527.459961,2527.459961
2/21/2019,2518.120117,2526.139893,2506.459961,2514.810059,2514.810059
2/22/2019,2523.840088,2535.5,2522.780029,2525.76001,2525.76001
2/25/2019,2534.169922,2534.899902,2509.459961,2511.22998,2511.22998
2/26/2019,2501.320068,2524.179932,2492.110107,2493.070068,2493.070068
2/27/2019,2497.409912,2519.419922,2482.449951,2516.75,2516.75
2/28/2019,2518.110107,2519.350098,2492,2496.550049,2496.550049
3/1/2019,2494.679932,2500.719971,2463.25,2481.330078,2481.330078
3/4/2019,2520.560059,2520.560059,2477.469971,2499.699951,2499.699951
3/5/2019,2509.379883,2514.060059,2498.800049,2509.610107,2509.610107
3/6/2019,2514.310059,2514.310059,2484.01001,2487.709961,2487.709961
3/7/2019,2493.01001,2507.169922,2476.5,2499.310059,2499.310059
3/8/2019,2478.149902,2504.76001,2467.100098,2503.419922,2503.419922
3/11/2019,2510.219971,2523.050049,2499.459961,2521.139893,2521.139893
3/12/2019,2521.139893,2554.159912,2521.139893,2545.459961,2545.459961
3/13/2019,2557.76001,2568.26001,2553.129883,2559.909912,2559.909912
3/14/2019,2573.340088,2573.340088,2550.169922,2554,2554
3/15/2019,2549.75,2558.76001,2541.75,2553.429932,2553.429932
3/18/2019,2558.580078,2579.189941,2554.909912,2575.409912,2575.409912
3/19/2019,2574.350098,2585.590088,2545.27002,2550.699951,2550.699951
3/20/2019,2547.22998,2576.929932,2530.719971,2558.139893,2558.139893
3/21/2019,2547.709961,2571.48999,2547.709961,2568.639893,2568.639893
3/22/2019,2557.320068,2560.050049,2511.969971,2518.949951,2518.949951
3/25/2019,2512.52002,2525.22998,2500.620117,2511.850098,2511.850098
3/26/2019,2517.25,2540.199951,2517.030029,2532.23999,2532.23999
3/27/2019,2534.699951,2536.090088,2505.610107,2509.419922,2509.419922
3/28/2019,2511.929932,2524.120117,2499.709961,2514.98999,2514.98999
3/29/2019,2541.550049,2550.120117,2528.300049,2543.620117,2543.620117
4/1/2019,2556.439941,2564.389893,2539.26001,2548.23999,2548.23999
4/2/2019,2551.52002,2551.52002,2528.629883,2544.379883,2544.379883
4/3/2019,2544.379883,2552.649902,2521.100098,2524.709961,2524.709961
4/4/2019,2524.48999,2541.040039,2520.02002,2541,2541
4/5/2019,2545.27002,2557.649902,2545.090088,2555.530029,2555.530029
4/8/2019,2563.550049,2583.050049,2561.719971,2583.01001,2583.01001
4/9/2019,2585.02002,2585.02002,2561.300049,2569.179932,2569.179932
4/10/2019,2565.179932,2600.610107,2564.929932,2595.300049,2595.300049
4/11/2019,2587.379883,2601.97998,2582.370117,2595.820068,2595.820068
4/12/2019,2619.389893,2619.889893,2599.290039,2601.530029,2601.530029
4/15/2019,2600.610107,2607.02002,2580.810059,2589.060059,2589.060059
4/16/2019,2600.550049,2603.080078,2582.060059,2592.439941,2592.439941
4/17/2019,2600.429932,2603.959961,2590.340088,2598.830078,2598.830078
4/18/2019,2599.860107,2604.040039,2579.709961,2588.209961,2588.209961
4/22/2019,2593.909912,2608.370117,2591.689941,2605.98999,2605.98999
4/23/2019,2608.330078,2629.25,2605.699951,2629.040039,2629.040039
4/24/2019,2627.629883,2628.639893,2602.580078,2602.580078,2602.580078
4/25/2019,2604.159912,2609.209961,2588.889893,2591.800049,2591.800049
4/26/2019,2572.399902,2590.899902,2550.290039,2590.169922,2590.169922
4/29/2019,2589.580078,2592.300049,2576.810059,2579.27002,2579.27002
4/30/2019,2584.030029,2589.209961,2570.830078,2573.580078,2573.580078
5/1/2019,2573.290039,2580.689941,2558.199951,2558.199951,2558.199951
5/2/2019,2545.72998,2556.790039,2532.449951,2542.389893,2542.389893
5/3/2019,2551.669922,2567.070068,2543.860107,2562.5,2562.5
5/6/2019,2531.429932,2565.409912,2528.830078,2561.290039,2561.290039
5/7/2019,2561.290039,2561.290039,2531.399902,2553.120117,2553.120117
5/8/2019,2549.300049,2565.22998,2542.189941,2543.810059,2543.810059
5/9/2019,2518.189941,2552.98999,2494.959961,2550.26001,2550.26001
5/10/2019,2547.840088,2578.790039,2538.469971,2576.899902,2576.899902
5/13/2019,2533.889893,2547.850098,2518.209961,2523.639893,2523.639893
5/14/2019,2523.639893,2553.25,2523.639893,2548.870117,2548.870117
5/15/2019,2538.689941,2568.389893,2536.26001,2561.790039,2561.790039
5/16/2019,2561.790039,2581.969971,2561.790039,2572.830078,2572.830078
5/17/2019,2561.719971,2573.899902,2551.699951,2551.699951,2551.699951
5/20/2019,2543.810059,2565.209961,2539.530029,2550.620117,2550.620117
5/21/2019,2560.830078,2573.659912,2552.72998,2569.610107,2569.610107
5/22/2019,2553.47998,2557.139893,2531.469971,2544.939941,2544.939941
5/23/2019,2521.959961,2521.959961,2468.939941,2484.959961,2484.959961
5/24/2019,2499.01001,2505.72998,2486.48999,2489.969971,2489.969971
5/28/2019,2485.629883,2493.800049,2456.560059,2458.77002,2458.77002
5/29/2019,2444.27002,2471.560059,2443.560059,2468.449951,2468.449951
5/30/2019,2468.550049,2475.25,2453.129883,2456.659912,2456.659912
5/31/2019,2430.830078,2454,2426.610107,2442.570068,2442.570068
6/3/2019,2451.47998,2475.600098,2451.47998,2460.719971,2460.719971
6/4/2019,2475.850098,2485.73999,2466.290039,2479.030029,2479.030029
6/5/2019,2487.169922,2493.219971,2471.570068,2483.48999,2483.48999
6/6/2019,2482.129883,2508.72998,2480.030029,2504.909912,2504.909912
6/7/2019,2509.580078,2524.199951,2504.02002,2514.199951,2514.199951
6/10/2019,2514.280029,2524.969971,2502.669922,2505.909912,2505.909912
6/11/2019,2508.030029,2516.659912,2489.409912,2500.23999,2500.23999
6/12/2019,2500.25,2508.399902,2482.639893,2485.929932,2485.929932
6/13/2019,2497.649902,2507.959961,2493.159912,2507.399902,2507.399902
6/14/2019,2510.800049,2514.469971,2494.580078,2497.27002,2497.27002
6/17/2019,2497.27002,2514.560059,2490.280029,2506.709961,2506.709961
6/18/2019,2506.719971,2540.419922,2506.719971,2525.149902,2525.149902
6/19/2019,2523.219971,2545.320068,2516.469971,2539.76001,2539.76001
6/20/2019,2539.820068,2589.449951,2539.820068,2580.699951,2580.699951
6/21/2019,2580.709961,2584.409912,2564.72998,2565.97998,2565.97998
6/24/2019,2565.969971,2575.449951,2557.01001,2566.320068,2566.320068
6/25/2019,2572.659912,2577.459961,2546.820068,2547.139893,2547.139893
6/26/2019,2547.159912,2571.419922,2547.159912,2560.370117,2560.370117
6/27/2019,2558.840088,2568.23999,2546.469971,2553.360107,2553.360107
6/28/2019,2553.379883,2577.100098,2551.969971,2574.610107,2574.610107
7/1/2019,2574.669922,2612.060059,2574.669922,2582.810059,2582.810059
7/2/2019,2582.800049,2591.469971,2558.580078,2575.449951,2575.449951
7/3/2019,2575.5,2578.379883,2558.399902,2569.800049,2569.800049
7/5/2019,2564.02002,2569.600098,2548.23999,2569.600098,2569.600098
7/8/2019,2563.97998,2579.090088,2563.850098,2572.469971,2572.469971
7/9/2019,2568.530029,2577.01001,2562.939941,2574.159912,2574.159912
7/10/2019,2574.189941,2600.879883,2574.120117,2588.350098,2588.350098
7/11/2019,2588.409912,2596.030029,2584.01001,2592.550049,2592.550049
7/12/2019,2592.540039,2610.100098,2591.830078,2601.639893,2601.639893
7/15/2019,2602.899902,2604.620117,2588.5,2593.030029,2593.030029
7/16/2019,2593.040039,2600.060059,2580.590088,2580.590088,2580.590088
7/17/2019,2579.870117,2581.080078,2556.100098,2556.620117,2556.620117
7/18/2019,2556.620117,2568.649902,2542.810059,2568.649902,2568.649902
7/19/2019,2566.169922,2570.800049,2547.330078,2566.629883,2566.629883
7/22/2019,2570.77002,2588.26001,2569.169922,2578.689941,2578.689941
7/23/2019,2580.25,2580.25,2550.149902,2562.959961,2562.959961
7/24/2019,2559.939941,2594.540039,2559.939941,2592.459961,2592.459961
7/25/2019,2592.459961,2599.899902,2541.340088,2547.290039,2547.290039
7/26/2019,2559.129883,2565.389893,2548.070068,2548.310059,2548.310059
7/29/2019,2540.27002,2548.590088,2528.719971,2543.110107,2543.110107
7/30/2019,2543.110107,2560.550049,2531.139893,2556.01001,2556.01001
7/31/2019,2562.169922,2571.48999,2531.280029,2539.639893,2539.639893
8/1/2019,2521.590088,2542.51001,2503.560059,2507.530029,2507.530029
8/2/2019,2515.969971,2524.129883,2451.840088,2463.949951,2463.949951
8/5/2019,2435.800049,2435.860107,2391.01001,2398.98999,2398.98999
8/6/2019,2405.780029,2422.899902,2396.300049,2420.040039,2420.040039
8/7/2019,2406,2422.169922,2392.100098,2416.73999,2416.73999
8/8/2019,2429.370117,2458.070068,2427.560059,2453.199951,2453.199951
8/9/2019,2453.139893,2456.699951,2436.590088,2442.429932,2442.429932
8/12/2019,2437.719971,2442.23999,2422,2426.48999,2426.48999
8/13/2019,2424.469971,2443.389893,2416.879883,2426.199951,2426.199951
8/14/2019,2408.47998,2409.27002,2381.23999,2382.659912,2382.659912
8/15/2019,2384.01001,2386.050049,2369.030029,2375.469971,2375.469971
8/16/2019,2383.620117,2403.219971,2379.590088,2400.47998,2400.47998
8/19/2019,2412.51001,2426.629883,2405.889893,2418.939941,2418.939941
8/20/2019,2415.379883,2423.629883,2407.139893,2410.050049,2410.050049
8/21/2019,2422.399902,2438.360107,2422.219971,2426.159912,2426.159912
8/22/2019,2426.209961,2431.52002,2404.52002,2404.52002,2404.52002
8/23/2019,2395.629883,2407.860107,2363.879883,2364.949951,2364.949951
8/26/2019,2377.5,2390.929932,2373.139893,2378.350098,2378.350098
8/27/2019,2387.850098,2393.629883,2369.360107,2374.73999,2374.73999
8/28/2019,2377.370117,2402.580078,2375.040039,2399.139893,2399.139893
8/29/2019,2407.370117,2434.469971,2407.370117,2418.340088,2418.340088
8/30/2019,2421.889893,2426.209961,2410.429932,2419.550049,2419.550049
9/3/2019,2408.97998,2410.949951,2387.610107,2408.639893,2408.639893
9/4/2019,2429.100098,2456.100098,2421.100098,2443.610107,2443.610107
9/5/2019,2439.409912,2477.919922,2439.409912,2462.73999,2462.73999
9/6/2019,2460.659912,2466.570068,2452.209961,2462.360107,2462.360107
9/9/2019,2466.070068,2481.709961,2466.070068,2480.370117,2480.370117
9/10/2019,2482.860107,2527.629883,2481.51001,2520.050049,2520.050049
9/11/2019,2517.840088,2540.179932,2515.149902,2538.709961,2538.709961
9/12/2019,2536.530029,2540.560059,2522.060059,2528.850098,2528.850098
9/13/2019,2532.01001,2547.030029,2531.52002,2536.550049,2536.550049
9/16/2019,2577.870117,2581.340088,2558.969971,2563.97998,2563.97998
9/17/2019,2563.689941,2578.469971,2541.100098,2571.439941,2571.439941
9/18/2019,2566.820068,2579.419922,2560.429932,2572.360107,2572.360107
9/19/2019,2579.629883,2584.23999,2561.459961,2562.469971,2562.469971
9/20/2019,2563.689941,2578.870117,2555.679932,2570.310059,2570.310059
9/23/2019,2567.169922,2579.709961,2564.929932,2568.330078,2568.330078
9/24/2019,2568.540039,2569.27002,2536.340088,2547.530029,2547.530029
9/25/2019,2547.530029,2547.530029,2528.189941,2531.850098,2531.850098
9/26/2019,2522.76001,2525.290039,2506.379883,2506.98999,2506.98999
9/27/2019,2502.790039,2513.330078,2497.25,2499.919922,2499.919922
9/30/2019,2499.919922,2502.850098,2488.159912,2488.159912,2488.159912
10/1/2019,2488.159912,2503.340088,2468.659912,2470.560059,2470.560059
10/2/2019,2460.25,2465.23999,2430.679932,2434.870117,2434.870117
10/3/2019,2421.459961,2435.179932,2408.01001,2433.300049,2433.300049
10/4/2019,2439.290039,2448.919922,2426.850098,2448.919922,2448.919922
10/7/2019,2452.419922,2457.929932,2427.469971,2427.469971,2427.469971
10/8/2019,2416.300049,2424.399902,2385.669922,2386.679932,2386.679932
10/9/2019,2401.570068,2402.860107,2390.5,2395.590088,2395.590088
10/10/2019,2396.850098,2412.51001,2396.389893,2402.409912,2402.409912
10/11/2019,2415.5,2443.790039,2415.050049,2431.610107,2431.610107
10/14/2019,2431.610107,2431.610107,2413.169922,2426.47998,2426.47998
10/15/2019,2419.909912,2461.429932,2419.600098,2429.939941,2429.939941
10/16/2019,2427.560059,2430.169922,2416.530029,2424.780029,2424.780029
10/17/2019,2428.590088,2444.899902,2422.26001,2437.149902,2437.149902
10/18/2019,2425.030029,2441.379883,2423.600098,2440.300049,2440.300049
10/21/2019,2444.699951,2464.379883,2442.610107,2459.810059,2459.810059
10/22/2019,2461.26001,2479.659912,2452.320068,2464.550049,2464.550049
10/23/2019,2468.070068,2476.209961,2464.899902,2471.080078,2471.080078
10/24/2019,2476.929932,2486.340088,2460.120117,2471.889893,2471.889893
10/25/2019,2473.469971,2484.459961,2470.090088,2480.22998,2480.22998
10/28/2019,2483.219971,2493.320068,2462.219971,2462.219971,2462.219971
10/29/2019,2457.790039,2473.360107,2446.139893,2465.280029,2465.280029
10/30/2019,2465.280029,2465.280029,2445.25,2456.550049,2456.550049
10/31/2019,2456.550049,2457.02002,2432.830078,2450.98999,2450.98999
11/1/2019,2445.360107,2495.300049,2445.360107,2476.459961,2476.459961
11/4/2019,2476.459961,2496.149902,2476.459961,2491.350098,2491.350098
11/5/2019,2493.629883,2509.959961,2491.090088,2508.51001,2508.51001
11/6/2019,2507.709961,2510.429932,2488.52002,2500.780029,2500.780029
11/7/2019,2500.780029,2523.100098,2500.780029,2510.129883,2510.129883
11/8/2019,2503.110107,2505.439941,2487.780029,2503.679932,2503.679932
11/11/2019,2485.959961,2500.199951,2485.959961,2499.01001,2499.01001
11/12/2019,2498.540039,2500.889893,2471.129883,2476.290039,2476.290039
11/13/2019,2465.669922,2474.600098,2451.580078,2457.790039,2457.790039
11/14/2019,2457.409912,2463.860107,2443.669922,2447.639893,2447.639893
11/15/2019,2446.77002,2474.98999,2446.77002,2470.169922,2470.169922
11/18/2019,2461.699951,2461.699951,2437.570068,2442.810059,2442.810059
11/19/2019,2442.780029,2444.52002,2429.659912,2429.659912,2429.659912
11/20/2019,2436.280029,2449.409912,2425.129883,2429.719971,2429.719971
11/21/2019,2437,2446.350098,2426.280029,2444.080078,2444.080078
11/22/2019,2449.350098,2453.75,2429.800049,2430.570068,2430.570068
11/25/2019,2432.110107,2450.070068,2425.27002,2446.919922,2446.919922
11/26/2019,2447,2455.659912,2442.310059,2449.209961,2449.209961
11/27/2019,2454.610107,2461.570068,2440.360107,2459.469971,2459.469971
11/29/2019,2448.040039,2459.449951,2440.26001,2447.01001,2447.01001
12/2/2019,2436.340088,2446.709961,2430.370117,2441.02002,2441.02002
12/3/2019,2432.76001,2433.449951,2404.5,2404.5,2404.5
12/4/2019,2411.110107,2430.570068,2411.110107,2419.76001,2419.76001
12/5/2019,2420.840088,2433.77002,2412.840088,2421.310059,2421.310059
12/6/2019,2421.709961,2459.340088,2420.870117,2453.459961,2453.459961
12/9/2019,2453.459961,2455.949951,2441.409912,2447.379883,2447.379883
12/10/2019,2457.290039,2459.949951,2449.01001,2453.47998,2453.47998
12/11/2019,2455.409912,2459.719971,2444.360107,2456.280029,2456.280029
12/12/2019,2456.280029,2481.199951,2450.139893,2460.929932,2460.929932
12/13/2019,2461.290039,2484.820068,2458.52002,2473.639893,2473.639893
12/16/2019,2480.590088,2489.790039,2472.330078,2478.850098,2478.850098
12/17/2019,2477.639893,2502.570068,2477.639893,2484.419922,2484.419922
12/18/2019,2483.409912,2502.399902,2483.209961,2496.52002,2496.52002
12/19/2019,2496.52002,2515.199951,2495,2509.310059,2509.310059
12/20/2019,2509.310059,2519.639893,2500.72998,2501.870117,2501.870117
12/23/2019,2504.129883,2538.219971,2501.919922,2536.77002,2536.77002
12/24/2019,2534.179932,2542.639893,2528.560059,2541.679932,2541.679932
12/26/2019,2547.620117,2565.5,2541.679932,2552.5,2552.5
12/27/2019,2556.090088,2556.090088,2533.110107,2533.860107,2533.860107
12/30/2019,2532.030029,2544.879883,2530.330078,2543.919922,2543.919922
12/31/2019,2540.77002,2555.22998,2538.820068,2552.560059,2552.560059
1/2/2020,2563.050049,2572.25,2554.629883,2568.649902,2568.649902
1/3/2020,2568.649902,2584.449951,2566.860107,2568.100098,2568.100098
1/6/2020,2580.350098,2586.389893,2567.110107,2585.949951,2585.949951
1/7/2020,2580.02002,2586.149902,2571.360107,2585.419922,2585.419922
1/8/2020,2591.879883,2597.290039,2557.780029,2558.820068,2558.820068
1/9/2020,2558.659912,2574.639893,2547.929932,2571.280029,2571.280029
1/10/2020,2572.780029,2588.969971,2572.389893,2580.959961,2580.959961
1/13/2020,2579.98999,2579.98999,2562.949951,2576.77002,2576.77002
1/14/2020,2576.23999,2590.820068,2572.060059,2576.389893,2576.389893
1/15/2020,2575.050049,2603.909912,2574.100098,2601.25,2601.25
1/16/2020,2610.379883,2636.899902,2608.939941,2626.909912,2626.909912
1/17/2020,2626.909912,2626.909912,2609.100098,2622.090088,2622.090088
1/21/2020,2614.060059,2614.060059,2578.419922,2582.139893,2582.139893
1/22/2020,2583.620117,2583.620117,2560.280029,2562.570068,2562.570068
1/23/2020,2548.050049,2562.699951,2532.360107,2558.51001,2558.51001
1/24/2020,2558.51001,2561.330078,2523.679932,2529.550049,2529.550049
1/27/2020,2498.5,2507.350098,2478.929932,2478.929932,2478.929932
1/28/2020,2488.02002,2496.379883,2476.300049,2477.689941,2477.689941
1/29/2020,2490.439941,2494.139893,2465.47998,2468.050049,2468.050049
1/30/2020,2453.889893,2469.909912,2453.439941,2467.639893,2467.639893
1/31/2020,2461.570068,2468.030029,2430.090088,2431.409912,2431.409912
2/3/2020,2431.409912,2435.679932,2408.72998,2411.719971,2411.719971
2/4/2020,2427.209961,2439.76001,2417.919922,2420.820068,2420.820068
2/5/2020,2435.73999,2458.530029,2435.73999,2454.219971,2454.219971
2/6/2020,2452.909912,2452.909912,2418.959961,2433.5,2433.5
2/7/2020,2422.300049,2427.080078,2402.25,2404.22998,2404.22998
2/10/2020,2396.929932,2396.969971,2376.189941,2381.280029,2381.280029
2/11/2020,2396.300049,2406.570068,2390.01001,2395.709961,2395.709961
2/12/2020,2410.27002,2421.290039,2406.110107,2411.139893,2411.139893
2/13/2020,2408.47998,2413.550049,2393.949951,2401,2401
2/14/2020,2402.820068,2416.340088,2395.040039,2403.290039,2403.290039
2/18/2020,2400.439941,2417.23999,2397.169922,2410,2410
2/19/2020,2419.090088,2431.719971,2409.620117,2425.699951,2425.699951
2/20/2020,2429.199951,2443.280029,2423.22998,2424.379883,2424.379883
2/21/2020,2424.379883,2424.379883,2400.959961,2406.889893,2406.889893
2/24/2020,2362.469971,2371.060059,2347.080078,2361.189941,2361.189941
2/25/2020,2361.189941,2388.340088,2293,2301.169922,2301.169922
2/26/2020,2306.02002,2314.719971,2249.320068,2253.840088,2253.840088
2/27/2020,2227.639893,2246.590088,2171.389893,2210.330078,2210.330078
2/28/2020,2162.199951,2213.699951,2134.080078,2213.699951,2213.699951
3/2/2020,2240.080078,2268.02002,2213.25,2265.899902,2265.899902
3/3/2020,2269.820068,2289.209961,2227.919922,2244.679932,2244.679932
3/4/2020,2268.820068,2269.070068,2231.889893,2261.629883,2261.629883
3/5/2020,2227.419922,2228.870117,2172.219971,2192.72998,2192.72998
3/6/2020,2159.709961,2159.709961,2106.98999,2149.77002,2149.77002
3/9/2020,2149.77002,2149.77002,1863.619995,1875.859985,1875.859985
3/10/2020,1942.97998,1950.630005,1826.579956,1899.280029,1899.280029
3/11/2020,1867.420044,1870.02002,1760.910034,1775.689941,1775.689941
3/12/2020,1649.060059,1650.839966,1550.430054,1564.900024,1564.900024
3/13/2020,1630.73999,1645.540039,1525.170044,1602.25,1602.25
3/16/2020,1449.030029,1529.880005,1396.76001,1499.150024,1499.150024
3/17/2020,1502.560059,1541.390015,1424.329956,1503.069946,1503.069946
3/18/2020,1421.949951,1427.329956,1276.089966,1317.219971,1317.219971
3/19/2020,1312.050049,1428.369995,1277.920044,1399.560059,1399.560059
3/20/2020,1426.76001,1476.339966,1388.339966,1408.939941,1408.939941
3/23/2020,1422.589966,1422.589966,1327.829956,1336.380005,1336.380005
3/24/2020,1430.48999,1466.530029,1410.609985,1464.969971,1464.969971
3/25/2020,1484.619995,1558.400024,1441.959961,1516.189941,1516.189941
3/26/2020,1516.189941,1615.609985,1516.189941,1550.349976,1550.349976
3/27/2020,1518.189941,1518.189941,1472.780029,1487.22998,1487.22998
3/30/2020,1475.839966,1513.25,1437.23999,1513.25,1513.25
3/31/2020,1524.209961,1568.589966,1512.369995,1537,1537
4/1/2020,1489.709961,1525.060059,1464.199951,1492.089966,1492.089966
4/2/2020,1521.810059,1600.709961,1512.099976,1557.609985,1557.609985
4/3/2020,1582.73999,1591.609985,1508.329956,1520.310059,1520.310059
4/6/2020,1552.079956,1584.140015,1549.920044,1583.380005,1583.380005
4/7/2020,1639.98999,1646.530029,1585.849976,1588.890015,1588.890015
4/8/2020,1613.27002,1662.339966,1605.52002,1661.640015,1661.640015
4/9/2020,1716.209961,1761.73999,1697.699951,1735.51001,1735.51001
4/13/2020,1751.880005,1751.880005,1701.709961,1729.180054,1729.180054
4/14/2020,1743.790039,1781.01001,1735.22998,1748.319946,1748.319946
4/15/2020,1709.699951,1716.25,1687.97998,1706.900024,1706.900024
4/16/2020,1714.72998,1714.72998,1670.449951,1678.349976,1678.349976
4/17/2020,1682.890015,1744.790039,1676.329956,1739.790039,1739.790039
4/20/2020,1701.079956,1766.630005,1694.26001,1736.800049,1736.800049
4/21/2020,1687.670044,1737.209961,1687.439941,1731.839966,1731.839966
4/22/2020,1774.040039,1780.319946,1743.97998,1760.969971,1760.969971
4/23/2020,1792.849976,1822.47998,1769.890015,1775.910034,1775.910034
4/24/2020,1786.72998,1799.030029,1763.609985,1791.180054,1791.180054
4/27/2020,1793.339966,1829.47998,1773.089966,1824.839966,1824.839966
4/28/2020,1850.130005,1871.800049,1833.829956,1863.930054,1863.930054
4/29/2020,1893.25,1975.099976,1893.25,1972.079956,1972.079956
4/30/2020,1967.589966,1991.410034,1931.25,1939.839966,1939.839966
5/1/2020,1894.650024,1914.599976,1867.040039,1877.5,1877.5
5/4/2020,1862.22998,1890.469971,1844.359985,1880.619995,1880.619995
5/5/2020,1880.619995,1933.98999,1857.76001,1863.119995,1863.119995
5/6/2020,1866.300049,1877.920044,1839.060059,1840.880005,1840.880005
5/7/2020,1872.079956,1890.920044,1865.52002,1876.73999,1876.73999
5/8/2020,1901.430054,1918.619995,1896.060059,1916.23999,1916.23999
5/11/2020,1903.439941,1909.609985,1881.170044,1885.920044,1885.920044
5/12/2020,1897.079956,1907.189941,1863.459961,1863.550049,1863.550049
5/13/2020,1873.109985,1874.900024,1771.699951,1791.650024,1791.650024
5/14/2020,1762.199951,1814.469971,1750,1809.670044,1809.670044
5/15/2020,1809.670044,1832.27002,1793.73999,1823.130005,1823.130005
5/18/2020,1870.589966,1908.969971,1870.380005,1904.810059,1904.810059
5/19/2020,1902.880005,1914.869995,1882.400024,1884.52002,1884.52002
5/20/2020,1919.060059,1947.72998,1911.180054,1941.599976,1941.599976
5/21/2020,1936.780029,1936.780029,1894.349976,1916.060059,1916.060059
5/22/2020,1914.939941,1922.540039,1898.819946,1922.349976,1922.349976
5/26/2020,1958.02002,1958.420044,1938.579956,1945.209961,1945.209961
5/27/2020,1959.939941,1963.680054,1904.449951,1963.430054,1963.430054
5/28/2020,1964.410034,1968.219971,1927.609985,1933.859985,1933.859985
5/29/2020,1932.48999,1932.48999,1896.689941,1921.859985,1921.859985
6/1/2020,1923.689941,1956.680054,1907.119995,1952.219971,1952.219971
6/2/2020,1954.930054,1992.060059,1954.930054,1989.589966,1989.589966
6/3/2020,1997.119995,2031.630005,1991.560059,2025.199951,2025.199951
6/4/2020,2022.349976,2034.329956,2007.459961,2030.579956,2030.579956
6/5/2020,2090.530029,2108.75,2080.330078,2095.689941,2095.689941
6/8/2020,2131.52002,2148.409912,2113.530029,2146.52002,2146.52002
6/9/2020,2124.530029,2140.629883,2103.699951,2131.830078,2131.830078
6/10/2020,2124.330078,2129.97998,2081.310059,2087.389893,2087.389893
6/11/2020,2011.73999,2023.969971,1944.420044,1954.689941,1954.689941
6/12/2020,2013.48999,2021.369995,1948.97998,1976.910034,1976.910034
6/15/2020,1921.900024,2004.079956,1905.790039,1999.599976,1999.599976
6/16/2020,2048.899902,2048.899902,1999.140015,2025.959961,2025.959961
6/17/2020,2031.859985,2031.920044,1992.459961,1992.459961,1992.459961
6/18/2020,1984.02002,2010.890015,1982.920044,1987.23999,1987.23999
6/19/2020,2011.22998,2016.01001,1976.300049,1981.550049,1981.550049
6/22/2020,1982.130005,2000.920044,1979.51001,1991.819946,1991.819946
6/23/2020,1991.859985,2024.180054,1990.189941,1993.469971,1993.469971
6/24/2020,1983.540039,1983.540039,1928.630005,1949.699951,1949.699951
6/25/2020,1935.839966,1968.48999,1933.780029,1956.819946,1956.819946
6/26/2020,1951.420044,1953.060059,1909.689941,1911.76001,1911.76001
6/29/2020,1911.76001,1960.400024,1911.76001,1952.97998,1952.97998
6/30/2020,1948.030029,1996.550049,1934.97998,1993.150024,1993.150024
7/1/2020,1993.150024,2003.27002,1967.199951,1976.060059,1976.060059
7/2/2020,2009.560059,2022.800049,1988.359985,1989.23999,1989.23999
7/6/2020,2013.890015,2036.150024,2011.069946,2028.790039,2028.790039
7/7/2020,2018.01001,2036.900024,2005.099976,2016.439941,2016.439941
7/8/2020,2024.670044,2044.599976,2000.160034,2004.650024,2004.650024
7/9/2020,2007.130005,2007.130005,1954.689941,1970.780029,1970.780029
7/10/2020,1966.290039,1978.089966,1959.170044,1977.910034,1977.910034
7/13/2020,1984.77002,1997.709961,1965.819946,1967.540039,1967.540039
7/14/2020,1968.75,2006.329956,1955.949951,1967.540039,1967.540039
7/15/2020,2022.890015,2047.219971,2022.599976,2044.709961,2044.709961
7/16/2020,2044.709961,2045.77002,2019.869995,2035.439941,2035.439941
7/17/2020,2034.430054,2050.840088,2020.76001,2037.890015,2037.890015
7/20/2020,2041.180054,2054.889893,2022.939941,2025.030029,2025.030029
7/21/2020,2054.75,2117.120117,2054.75,2109.330078,2109.330078
7/22/2020,2109.310059,2109.310059,2073.790039,2090.820068,2090.820068
7/23/2020,2091.840088,2098.780029,2070.469971,2080.830078,2080.830078
7/24/2020,2080.22998,2087.47998,2066.669922,2067.550049,2067.550049
7/27/2020,2067.600098,2094.120117,2067.600098,2087.820068,2087.820068
7/28/2020,2080.330078,2087.199951,2063.02002,2063.790039,2063.790039
7/29/2020,2070.449951,2091.929932,2049.110107,2091.040039,2091.040039
7/30/2020,2066.280029,2073.870117,2037.01001,2073.459961,2073.459961
7/31/2020,2068.899902,2081.47998,2043.369995,2058.73999,2058.73999
8/3/2020,2063.51001,2082.449951,2051.51001,2072.929932,2072.929932
8/4/2020,2078.030029,2129.26001,2077.26001,2126.070068,2126.070068
8/5/2020,2162.040039,2181.370117,2133.98999,2143.290039,2143.290039
8/6/2020,2143.290039,2161.5,2134.97998,2141.350098,2141.350098
8/7/2020,2133.860107,2137.850098,2115.48999,2137.310059,2137.310059
8/10/2020,2144.22998,2173.860107,2139.629883,2168.209961,2168.209961
8/11/2020,2163.780029,2184.75,2131.969971,2133.600098,2133.600098
8/12/2020,2170.120117,2170.120117,2145.98999,2148.52002,2148.52002
8/13/2020,2147.929932,2168.179932,2147.929932,2157.5,2157.5
8/14/2020,2151.780029,2157.060059,2142.919922,2155.360107,2155.360107
8/17/2020,2169.639893,2172.27002,2155.790039,2170.179932,2170.179932
8/18/2020,2175.51001,2180.51001,2137.330078,2138.080078,2138.080078
8/19/2020,2132.01001,2136.699951,2102.719971,2105.969971,2105.969971
8/20/2020,2093.050049,2107.060059,2088.620117,2094.48999,2094.48999
8/21/2020,2080,2081.290039,2065.73999,2080.360107,2080.360107
8/24/2020,2096.860107,2121.379883,2090.449951,2118.77002,2118.77002
8/25/2020,2128.330078,2132.629883,2095.360107,2110.449951,2110.449951
8/26/2020,2107.26001,2111.560059,2082.550049,2095.610107,2095.610107
8/27/2020,2097.469971,2107.379883,2079.310059,2097.26001,2097.26001
8/28/2020,2111.459961,2121.290039,2098.25,2121.290039,2121.290039
8/31/2020,2121.280029,2129.699951,2104.98999,2105.189941,2105.189941
9/1/2020,2113.77002,2136.929932,2111.379883,2122.879883,2122.879883
9/2/2020,2118.26001,2121.050049,2089.560059,2115.790039,2115.790039
9/3/2020,2105.189941,2120.370117,2075.080078,2090.459961,2090.459961
9/4/2020,2093.76001,2095.25,2048.879883,2090.459961,2090.459961
9/8/2020,2050.939941,2055.120117,2017.630005,2019.390015,2019.390015
9/9/2020,2032.52002,2055.76001,2032.52002,2040.469971,2040.469971
9/10/2020,2050.050049,2050.050049,2016.930054,2017.290039,2017.290039
9/11/2020,2023.51001,2023.949951,1995.349976,2007.719971,2007.719971
9/14/2020,2018.040039,2042.130005,2013.109985,2037.01001,2037.01001
9/15/2020,2047.569946,2059.199951,2027.430054,2028.98999,2028.98999
9/16/2020,2042.969971,2083.330078,2035.189941,2061.73999,2061.73999
9/17/2020,2042.150024,2064.100098,2028.310059,2056.780029,2056.780029
9/18/2020,2061.820068,2061.840088,2036.050049,2043.699951,2043.699951
9/21/2020,2014.73999,2043.73999,1963.310059,2043.73999,2043.73999
9/22/2020,1982.579956,2003.150024,1975.26001,1992.709961,1992.709961
9/23/2020,1985.51001,1990.599976,1908.869995,1909.569946,1909.569946
9/24/2020,1899.849976,1945.540039,1892.699951,1930.709961,1930.709961
9/25/2020,1919.829956,1935.27002,1914.47998,1931.01001,1931.01001
9/28/2020,1944.680054,1959.160034,1943.400024,1947.599976,1947.599976
9/29/2020,1958.339966,1962.780029,1926.089966,1934.050049,1934.050049
9/30/2020,1931.780029,1938.920044,1900.040039,1907.810059,1907.810059
10/1/2020,1914.890015,1932.430054,1892.709961,1904.189941,1904.189941
10/2/2020,1867.890015,1917.540039,1864.660034,1910.369995,1910.369995
10/5/2020,1924.77002,1938.560059,1918.420044,1937.569946,1937.569946
10/6/2020,1948.380005,1962.5,1914.02002,1916.339966,1916.339966
10/7/2020,1927.079956,1942.969971,1922.040039,1930.930054,1930.930054
10/8/2020,1948.949951,1990.27002,1948.859985,1986.699951,1986.699951
10/9/2020,2003.800049,2009.569946,1977.719971,1997.030029,1997.030029
10/12/2020,1994.050049,2009.170044,1982.900024,2007,2007
10/13/2020,2002.569946,2013.089966,1993.619995,2008.050049,2008.050049
10/14/2020,2017,2042.599976,2006.719971,2006.719971,2006.719971
10/15/2020,1986.680054,2031.780029,1980.130005,2027.280029,2027.280029
10/16/2020,2026.800049,2026.800049,2009.300049,2012.119995,2012.119995
10/19/2020,2021.27002,2035.26001,1993.280029,1993.280029,1993.280029
10/20/2020,1993.280029,2026.349976,1993.280029,2020.910034,2020.910034
10/21/2020,2020.910034,2029.380005,2004.890015,2013.180054,2013.180054
10/22/2020,2013.180054,2037.089966,2001.51001,2035.079956,2035.079956
10/23/2020,2035.079956,2051.669922,2020.829956,2036.51001,2036.51001
10/26/2020,2015.52002,2021.25,1983.329956,2000.430054,2000.430054
10/27/2020,1999.810059,2021.97998,1993.680054,2002.099976,2002.099976
10/28/2020,1962.400024,1964.819946,1927.23999,1946.050049,1946.050049
10/29/2020,1936.060059,1965.52002,1909.199951,1963.390015,1963.390015
10/30/2020,1962.790039,1984.77002,1950.380005,1983.709961,1983.709961
11/2/2020,1992,2013.449951,1987.680054,2002.579956,2002.579956
11/3/2020,2028.839966,2049.540039,2023.290039,2046.560059,2046.560059
11/4/2020,2049.340088,2065.840088,2022.780029,2025.73999,2025.73999
11/5/2020,2047.47998,2085.23999,2047.140015,2077.25,2077.25
11/6/2020,2063.120117,2083.699951,2056.550049,2072.22998,2072.22998
11/9/2020,2119.620117,2181.129883,2119.620117,2162.27002,2162.27002
11/10/2020,2172.709961,2180.040039,2146.830078,2164.699951,2164.699951
11/11/2020,2181.47998,2188.709961,2155.120117,2183.719971,2183.719971
11/12/2020,2173.280029,2173.280029,2120.719971,2132.050049,2132.050049
11/13/2020,2142.580078,2159.52002,2131.360107,2139.050049,2139.050049
11/16/2020,2172.909912,2194.909912,2159.350098,2179.73999,2179.73999
11/17/2020,2166.77002,2198.51001,2153.01001,2197.610107,2197.610107
11/18/2020,2205.870117,2211.179932,2176.610107,2177.949951,2177.949951
11/19/2020,2162.649902,2208.51001,2151.879883,2208.51001,2208.51001
11/20/2020,2207.189941,2212.899902,2186.5,2200.790039,2200.790039
11/23/2020,2200.790039,2243.379883,2200.790039,2240.110107,2240.110107
11/24/2020,2268.149902,2306.459961,2266.409912,2301.580078,2301.580078
11/25/2020,2301.580078,2301.580078,2278.090088,2292.120117,2292.120117
11/27/2020,2292.120117,2300.699951,2274.98999,2292.639893,2292.639893
11/30/2020,2282.090088,2290.23999,2223.550049,2224.300049,2224.300049
12/1/2020,2259.949951,2273.300049,2234.139893,2250.030029,2250.030029
12/2/2020,2250.070068,2271.280029,2235.040039,2256.969971,2256.969971
12/3/2020,2265.780029,2288.689941,2261.27002,2282.040039,2282.040039
12/4/2020,2295.469971,2342,2295.219971,2334.649902,2334.649902
12/7/2020,2327.330078,2348.699951,2313.320068,2348.669922,2348.669922
12/8/2020,2340.76001,2373.639893,2340.320068,2373.639893,2373.639893
12/9/2020,2379.070068,2387.860107,2334.129883,2352.030029,2352.030029
12/10/2020,2355.280029,2388.800049,2353.23999,2388.800049,2388.800049
12/11/2020,2377.810059,2381.77002,2364.850098,2372.110107,2372.110107
12/14/2020,2394.830078,2398.639893,2324.320068,2330.280029,2330.280029
12/15/2020,2347.330078,2377.590088,2346.030029,2372.030029,2372.030029
12/16/2020,2384.75,2384.75,2339.27002,2343.169922,2343.169922
12/17/2020,2364.620117,2368.120117,2341.47998,2362.290039,2362.290039
12/18/2020,2365,2365,2328.129883,2336.189941,2336.189941
